layer,layer_type,reference_bf16_jitter_vs_reference,engine_vs_reference_before_fix,engine_run2_vs_run1_before_fix,engine_vs_reference_after_fix
0,KDA+dense-MLP,0.00166,0.006076,0,0.006076
1,KDA+dense-MLP,0.002524,0.005514,0,0.005514
2,KDA+dense-MLP,0.002028,0.004514,0,0.004514
3,MLA+MoE,0.001988,0.3022,0.0003328,0.01038
4,KDA+MoE,0.002672,0.2997,0.0003515,0.01105
5,KDA+MoE,0.003161,0.2927,0.0006719,0.0108
6,KDA+MoE,0.003618,0.2859,0.0007957,0.01061
7,MLA+MoE,0.004033,0.284,0.0008341,0.0103
8,KDA+MoE,0.004356,0.2521,0.0008376,0.009895
9,KDA+MoE,0.004678,0.2334,0.0008982,0.009662
10,KDA+MoE,0.002536,0.1522,0.0008476,0.00669
11,MLA+MoE,0.002558,0.152,0.0008856,0.006975
12,KDA+MoE,0.003326,0.1513,0.000885,0.007979
13,KDA+MoE,0.003743,0.1495,0.0009737,0.008318
14,KDA+MoE,0.004057,0.1502,0.001094,0.008357
15,MLA+MoE,0.00509,0.1509,0.001502,0.008785
16,KDA+MoE,0.005489,0.1514,0.001854,0.01018
17,KDA+MoE,0.006094,0.1807,0.003159,0.02899
18,KDA+MoE,0.006629,0.2017,0.004029,0.03461
19,MLA+MoE,0.008869,0.2559,0.007776,0.03723
20,KDA+MoE,0.01159,0.2816,0.01013,0.05256
21,KDA+MoE,0.01019,0.3113,0.01167,0.04427
22,KDA+MoE,0.01232,0.32,0.01569,0.04472
23,MLA+MoE,0.01865,0.2937,0.02477,0.04999
24,KDA+MoE,0.01569,0.4745,0.02456,0.06179
25,KDA+MoE,0.01463,0.5189,0.02341,0.08326
26,KDA+MoE,0.0123,0.6869,0.0241,0.06821
27,MLA+MoE,0.01358,0.6743,0.02787,0.06444
28,KDA+MoE,0.01456,0.7045,0.03159,0.06049
29,KDA+MoE,0.01279,0.8077,0.0342,0.04759
30,KDA+MoE,0.01436,0.802,0.03916,0.04618
31,MLA+MoE,0.01687,0.7965,0.04464,0.04753
32,KDA+MoE,0.02052,0.7934,0.05323,0.04953
33,KDA+MoE,0.02121,0.792,0.05709,0.0488
34,KDA+MoE,0.02555,0.7804,0.06411,0.05034
35,MLA+MoE,0.02949,0.7789,0.07473,0.0546
36,KDA+MoE,0.03308,0.7707,0.07755,0.05711
37,KDA+MoE,0.037,0.7699,0.08709,0.06091
38,KDA+MoE,0.04275,0.7676,0.09754,0.06594
39,MLA+MoE,0.04781,0.7672,0.1067,0.07078
40,KDA+MoE,0.0509,0.7739,0.1151,0.07288
41,KDA+MoE,0.05833,0.7705,0.1288,0.07904
42,KDA+MoE,0.06026,0.7443,0.1204,0.08209
43,MLA+MoE,0.06548,0.6729,0.1182,0.08995
44,KDA+MoE,0.05696,0.6967,0.07947,0.07557
